{"cameraMode":{"drawMode":0,"name":"Shaded","section":"Shading Mode"},"sceneLighting":false,"audioPlay":false,"sceneViewState":{"m_AlwaysRefresh":false,"showFog":true,"showSkybox":false,"showFlares":true,"showImageEffects":true,"showParticleSystems":true,"showVisualEffectGraphs":true,"m_FxEnabled":true},"in2DMode":false,"pivot":{"x":-0.03858464956283569,"y":0.8932619094848633,"z":0.4857105612754822},"rotation":{"x":-0.09470045566558838,"y":0.8846890926361084,"z":-0.20556701719760896,"w":-0.4075576961040497},"size":1.7658652067184449,"orthographic":false}